{"exposure": 0.10000000000000009, "gain": 2, "awb_red": 0.5999999999999996, "awb_green": 0.0, "awb_blue": 1.2999999999999998}